gene	baseMean	log2FoldChange	lfcSE	stat	pvalue	padj
ENSG00000160191	76936.5819947513	3.072368749920667	0.15519278989324023	19.797110110812504	3.1526897088729495e-87	7.219659433319054e-85
ENSG00000154734	22866.086241932444	3.442480028780815	0.17934708600466234	19.19451330640144	4.113174916653059e-82	4.709585279567752e-80
ENSG00000154723	7343.9857717851455	2.582703337133576	0.16384542763363735	15.763047980249825	5.587208093959505e-56	4.2649021783890884e-54
ENSG00000180509	30229.86665434458	2.944090183013552	0.19997827304799648	14.722050241462709	4.653354504660594e-49	2.6640454539181903e-47
ENSG00000183145	9994.447912657393	2.891379846127518	0.24880562421489136	11.621038934514829	3.221941044874872e-31	1.4756489985526912e-29
ENSG00000276289	11797.143317596247	2.8603602422133743	0.4650127320110892	6.15114392641009	7.692606931234855e-10	2.936011645421303e-8
ENSG00000277277	724.4981994227102	0.9285672212322883	0.26388960419541935	3.5187715107740747	4.335499301525296e-4	0.014183276286418469
